Id,Title,Release,PhotoUrl,Introduction,country
1,The Shining,1980-05-23,/images/The Shining.jpg,"A family heads to an isolated hotel for the winter where a sinister presence influences the father into violence.",US
2,Spirited Away,2001-07-20,/images/SpiritedAway.jpg,"During her family's move to the suburbs, a young girl wanders into a world populated by spirits and gods.",Japan
3,The Truman Show,1998-06-05,/images/TheTrumanShow.jpg,"An insurance salesman discovers his entire life is actually a TV show.",US
4,365: Repeat the Year,2020-03-25,/images/365_Repeat_the_Year.jpg,"Participants from different backgrounds get the chance to turn back time and change their past year, but soon realize that altering the past comes at a deadly cost.",South Korea
5,Butterfly Effect,2004-01-23,/images/Bufferfly.jpg,"A young man finds he can travel back in time to change his past.",US
6,The Wandering Earth,2019-02-05,/images/wanderingearth.jpg,"Humanity unites to move Earth out of its orbit to avoid an expanding sun, facing cosmic hazards.",China
7,Coherence,2013-06-20,/images/coherence.jpg,"On the night of an astronomical anomaly, eight friends gather for a dinner party, but strange occurrences disrupt the evening.",US
8,Your Name,2016-08-26,/images/Yourname.jpg,"Two teenagers share a profound, magical connection upon discovering they are swapping bodies.",Japan
9,Howl's Moving Castle,2004-11-20,/images/Howls-Moving-Castle.jpg,"When an unkind witch transforms a young woman into an old lady, she seeks refuge in a magical moving castle.",Japan
10,Red Beard,1965-04-10,/images/Redbeard.jpg,"In 19th century Japan, a young intern learns about compassion and humanity from a gruff but kind doctor.",Japan
11,Mr and Mrs Smith,2005-06-10,/images/smith.jpg,"A bored married couple discovers they are both spies working for opposing agencies.",US
12,Love Actually,2003-11-07,/images/loveactually.jpg,"Various love stories unfold in London during the Christmas season.",UK
13,Crouching Tiger Hidden Dragon,2000-07-06,/images/tigerdragon.jpg,"A skilled warrior gives up his sword, only for it to be stolen and a quest to recover it to ensue.",China
14,Hero,2002-10-24,/images/hero.jpg,"An unnamed warrior recounts his encounters with three assassins who nearly killed the king of Qin.",China
15,House of Flying Daggers,2004-12-18,/images/houseflyingdaggers.jpg,"A love triangle develops between a police captain, a rebel leader, and a blind dancer.",China
16,Infernal Affairs,2002-09-12,/images/infernalAffairs.jpg,"A cop infiltrates the triads while a triad member infiltrates the police force and they try to expose each other.",Hong Kong
17,Farewell My Concubine,1993-09-30,/images/bawangbieji.jpg,"Two Peking Opera actors navigate love, politics, and rivalry over decades of turbulent Chinese history.",China
18,Raise the Red Lantern,1991-10-18,/images/redlantern.jpg,"A young woman becomes the fourth wife of a wealthy lord and navigates the jealousies of his other wives.",China
19,To Live,1994-10-01,/images/To_Live_Poster.jpg,"A family's struggles and perseverance through the Chinese Civil War and Cultural Revolution are depicted over several decades.",China
20,A Touch of Sin,2013-01-18,/images/A_Touch_of_Sin_poster.jpg,"Four loosely connected stories of violence and injustice in modern China unfold simultaneously.",China
21,Red Cliff,2008-07-09,/images/RedC-Pos-final.jpg,"A large-scale warlord battle unfolds on the Yangtze River during the Three Kingdoms period.",China
22,The Grandmaster,2013-01-08,/images/grandmaster.jpg,"The life and times of Ip Man, the wing-chun grandmaster who trained Bruce Lee.",China
23,Lust Caution,2007-09-28,/images/lust.jpg,"A young woman is tasked with seducing a powerful politician during the Japanese occupation of Shanghai.",China
24,Still Life,2006-10-19,/images/StillLifePoster.jpg,"Two individuals search for their spouses amidst the demolition of the Three Gorges area in China.",China
25,The Eight Hundred,2020-08-21,/images/800.jpg,"During the Sino-Japanese War, the defense of Shanghai's Sihang Warehouse becomes legendary.",China
26,Ash Is Purest White,2018-03-02,/images/ashispurestwhite.jpg,"A gangster’s moll faces imprisonment and reunites with her lover in a rapidly changing China.",China
27,The Battle at Lake Changjin,2021-09-30,/images/battle at lake changjin.jpg,"Chinese forces fight against UN troops during the Korean War’s Battle of Chosin Reservoir.",China
28,Let the Bullets Fly,2010-12-16,/images/letthebulletfly.jpg,"A bandit impersonates a governor and engages in a humorous power struggle in 1920s China.",China
29,Blind Shaft,2003-11-07,/images/blind shaft.jpg,"Two miners conspire to murder a colleague to extort compensation from mine operators.",China
30,The Shawshank Redemption,1994-09-23,/images/ShawshankRedemption.jpg,"Two imprisoned men bond over a number of years, finding solace and eventual redemption through acts of common decency.",US
31,Ne Zha,2019-07-26,/images/nezha.jpg,"A rebellious demon child fights against fate to become a hero in this animated reimagining of myth.",China
32,Wolf Warrior 2,2017-07-27,/images/wolf2.jpg,"An ex-soldier battles arms dealers to protect African villagers in this high-octane action sequel.",China
33,Wolf Warrior 1,2015-07-24,/images/wolf1.jpg,"An elite soldier takes on a group of mercenaries in this action-packed military film.",China
34,Akira,1988-07-16,/images/akira.jpg,"A biker gang member tries to save his friend from a secret government psychic project that unleashes a dangerous power.",Japan
35,Princess Mononoke,1997-07-12,/images/princess.jpg,"A young prince becomes embroiled in a struggle between forest gods and humans who consume its resources.",Japan
36,My Neighbor Totoro,1988-04-16,/images/totoro.jpg,"Two girls move to the countryside and discover magical creatures called Totoros living in nearby forests.",Japan
37,Ghost in the Shell,1995-11-18,/images/ghost.jpg,"In a cybernetic future, a cyborg policewoman hunts a mysterious hacker called the Puppet Master.",Japan
38,Perfect Blue,1997-02-28,/images/perfectblue.jpg,"An idol singer's descent into paranoia after quitting her pop career leads to a terrifying identity crisis.",Japan
39,Paprika,2006-11-25,/images/paprika.jpg,"A device that allows therapists to enter patients' dreams falls into the wrong hands, blurring reality and fantasy.",Japan
40,The Girl Who Leapt Through Time,2006-07-15,/images/girlwholeapt.jpg,"A high-school girl gains the ability to time-travel and soon discovers the unintended consequences of changing the past.",Japan
41,Weathering with You,2019-07-19,/images/tianqizhizi.jpg,"A runaway boy meets a girl who can manipulate the weather, and they struggle to survive in a drenched Tokyo.",Japan
42,A Silent Voice,2016-09-17,/images/A_Silent_Voice_Film_Poster.jpg,"A former bully seeks redemption by reconnecting with the deaf girl he tormented in elementary school.",Japan
43,Millennium Actress,2001-01-27,/images/Sennenyoyu.jpg,"A retired actress recounts her life story to a filmmaker, weaving her memories with scenes from her films.",Japan
44,Crash Landing on You,2020-02-14,/images/Crash_Landing_on_You_main_poster.jpg,"A South Korean heiress accidentally paraglides into North Korea and falls in love with an army officer who helps her hide.",South Korea
45,Descendants of the Sun,2016-02-24,/images/Descendants_of_the_Sun_-_Poster.jpg,"A special forces officer and a doctor fall in love while serving in a fictional war-torn country.",South Korea
46,Goblin,2016-12-02,/images/1_4FaGGN4RGH3Q3CuMnikunA.jpg,"An immortal goblin seeks a human bride to end his cursed life, until he meets a high-school girl with a mysterious past.",South Korea
47,My Love from the Star,2013-12-18,/images/You_Who_Came_From_the_Stars_Cover.jpg,"An alien who landed on Earth 400 years ago falls in love with a top actress as his departure looms near.",South Korea
48,Itaewon Class,2020-01-31,/images/Itaewon_Class.jpg,"An ex-con and his friends open a bar in Seoul’s Itaewon neighborhood, seeking revenge on a powerful food conglomerate.",South Korea
49,Reply 1988,2015-11-06,/images/1988.jpg,"Friends and families in a Seoul neighborhood navigate adolescence, love, and family in the late 1980s.",South Korea
50,Kingdom,2019-01-25,/images/MV5BYWQyMDQyYzItYWFhNi00YmViLTkwZTctY2M2NjEyNDJmNGQ5XkEyXkFqcGc@._V1_.jpg,"A crown prince investigates a mysterious plague spreading across his kingdom and discovers hordes of undead rising.",South Korea
51,Healer,2014-12-08,/images/Healer.jpg,"A nighttime errand-runner with the codename 'Healer' uncovers hidden truths when hired to track a reporter.",South Korea
52,Signal,2016-01-22,/images/Signal_Korean_Drama.jpg,"A detective in 2015 uses a mysterious walkie-talkie to communicate with a police officer from 1989, solving cold cases.",South Korea
53,Reply 1994,2013-10-18,/images/Reply_1994.jpg,"College students from various provinces live together in a boarding house and experience friendship and first loves.",South Korea
54,Inglourious Basterds,2009-08-21,/images/InglouriousBasterds.jpg,"A group of Jewish-American soldiers plan to assassinate Nazi leaders in occupied France.",US
